,Raw,ROS,Jittering,Time Warping,SMOTE,ADASYN
OliveOil,0.7222222222222222,0.8555555555555556,0.25555555555555554,0.15555555555555556,0.8666666666666667,0.7666666666666666
