,Raw,ROS,Jittering,Time Warping,SMOTE,ADASYN
OliveOil,0.610866830805625,0.7966802700931477,-0.005528117290398101,0.0,0.8153232471260523,0.6930125810967688
